market_id,entry_secs,entry_price,side,resolution,win
1884811,120,0.76,UP,0,False
1884841,108,0.75,DOWN,0,True
1884858,43,0.77,DOWN,1,False
1884869,45,0.78,UP,1,True
1884878,101,0.77,DOWN,0,True
1884898,97,0.75,DOWN,0,True
1885005,120,0.8,DOWN,0,True
1885024,0,0.99,DOWN,0,True
1885037,105,0.75,UP,0,False
1885110,120,0.96,UP,1,True
1885122,55,0.75,DOWN,0,True
1885179,42,0.78,UP,0,False
1885195,120,0.91,UP,1,True
1885225,120,0.96,DOWN,0,True
1885229,80,0.75,UP,1,True
1885250,120,0.9,DOWN,0,True
1885257,120,0.99,DOWN,0,True
1885297,120,0.78,DOWN,0,True
1885416,75,0.8,UP,1,True
1885475,120,0.96,DOWN,1,False
1885483,22,0.8,DOWN,0,True
1885545,120,0.88,UP,1,True
1885551,87,0.77,UP,1,True
1885561,8,0.76,UP,1,True
1885566,56,0.79,DOWN,0,True
1885599,120,0.95,UP,1,True
1885607,115,0.83,DOWN,0,True
1885613,111,0.75,UP,1,True
1885629,120,0.78,DOWN,1,False
1885642,120,0.8,UP,1,True
1885766,120,0.84,UP,1,True
1885811,120,0.9,DOWN,0,True
1885821,0,0.99,UP,1,True
1885880,117,0.76,DOWN,1,False
1885889,120,0.96,UP,1,True
1885906,118,0.78,UP,1,True
1885919,120,0.85,DOWN,0,True
1885946,60,0.76,UP,1,True
1885950,87,0.77,DOWN,1,False
1885969,120,0.83,DOWN,0,True
1885973,96,0.76,UP,1,True
1886146,120,0.75,DOWN,0,True
1886484,112,0.75,DOWN,0,True
1886786,120,0.93,DOWN,0,True
1886793,107,0.79,DOWN,1,False
1886846,110,0.83,DOWN,0,True
1886864,120,0.93,DOWN,0,True
1887156,107,0.75,UP,1,True
1887159,120,0.99,UP,1,True
1887193,120,0.87,UP,1,True
1887201,55,0.77,DOWN,1,False
1887211,120,0.93,UP,1,True
1887222,120,0.83,DOWN,0,True
1887441,78,0.79,DOWN,0,True
1887555,120,0.76,DOWN,0,True
1887579,44,0.8,UP,1,True
1887591,120,0.84,DOWN,0,True
1887646,33,0.9,UP,0,False
1887657,120,0.81,UP,0,False
1887878,120,0.76,DOWN,0,True
1887887,120,0.77,DOWN,0,True
1887922,102,0.75,UP,1,True
1887928,120,0.94,DOWN,0,True
1887937,32,0.83,UP,0,False
1887950,90,0.79,UP,1,True
1888036,120,0.82,DOWN,1,False
1888161,120,0.87,DOWN,0,True
1888184,120,0.82,DOWN,0,True
1888192,120,0.8,DOWN,0,True
1888254,0,0.99,DOWN,0,True
1888263,120,0.88,DOWN,1,False
1888266,120,0.89,UP,1,True
1888274,120,0.94,DOWN,0,True
1888308,102,0.78,UP,1,True
1888330,99,0.75,UP,1,True
1888346,92,0.81,DOWN,0,True
1888351,120,0.91,UP,1,True
1888367,19,0.83,UP,0,False
1888488,26,0.75,DOWN,0,True
1888498,120,0.88,DOWN,0,True
1888504,69,0.75,UP,1,True
1888561,120,0.85,UP,0,False
1888574,118,0.79,UP,1,True
1888615,120,0.84,DOWN,0,True
1888624,120,0.97,UP,1,True
1888654,118,0.78,DOWN,0,True
1888666,73,0.75,UP,1,True
1888668,10,0.78,DOWN,0,True
1888683,120,0.81,DOWN,0,True
1888713,118,0.75,DOWN,0,True
1888844,119,0.95,UP,1,True
1888852,71,0.75,DOWN,0,True
1888859,120,0.85,UP,1,True
1888954,120,0.92,DOWN,1,False
1888966,58,0.93,UP,1,True
1888979,120,0.95,DOWN,0,True
1888983,120,0.97,UP,1,True
1889021,116,0.79,UP,1,True
1889044,70,0.77,UP,1,True
1889060,81,0.77,DOWN,0,True
1889065,120,0.92,UP,1,True
1889086,112,0.81,UP,0,False
1889205,113,0.79,UP,1,True
1889211,82,0.81,UP,1,True
1889222,120,0.87,DOWN,0,True
1889280,120,0.82,UP,0,False
1889290,0,0.99,DOWN,0,True
1889295,114,0.83,DOWN,1,False
1889302,120,0.94,UP,1,True
1889339,68,0.78,UP,1,True
1889340,120,0.9,UP,1,True
1889367,120,0.84,DOWN,0,True
1889382,82,0.76,DOWN,0,True
1889418,120,0.8,DOWN,0,True
1889544,120,0.87,DOWN,0,True
1889547,120,0.82,DOWN,0,True
1889555,29,0.76,DOWN,0,True
1889629,120,0.77,UP,1,True
1889635,120,0.8,UP,1,True
1889643,120,0.993,DOWN,0,True
1889662,68,0.75,DOWN,1,False
1889689,119,0.99,DOWN,0,True
1889694,64,0.78,DOWN,0,True
1889702,108,0.75,DOWN,0,True
1889717,120,0.98,DOWN,0,True
1889793,65,0.75,DOWN,0,True
1889914,120,0.94,DOWN,0,True
1889931,120,0.96,UP,1,True
1889935,56,0.75,DOWN,1,False
1889987,120,0.79,UP,0,False
1890002,119,0.78,DOWN,1,False
1890010,34,0.99,UP,1,True
1890028,120,0.94,DOWN,0,True
1890056,120,0.96,UP,1,True
1890067,120,0.82,DOWN,0,True
1890076,36,0.75,UP,1,True
1890087,120,0.97,DOWN,0,True
1890326,109,0.77,UP,1,True
1890435,102,0.75,UP,1,True
1890466,120,0.99,DOWN,0,True
1890470,120,0.97,UP,1,True
1890531,120,0.79,DOWN,1,False
1890547,120,0.9,UP,1,True
1890550,0,0.99,UP,1,True
1890559,120,0.84,DOWN,0,True
1890592,119,0.85,UP,1,True
1890602,120,0.77,DOWN,0,True
1890613,81,0.76,DOWN,0,True
1890624,120,0.86,UP,1,True
1890673,120,0.95,UP,1,True
1890797,38,0.75,UP,1,True
1890818,120,0.99,UP,1,True
1890825,101,0.75,DOWN,1,False
1890893,120,0.93,DOWN,0,True
1890898,96,0.75,DOWN,0,True
1890934,0,0.99,DOWN,0,True
1890955,120,0.78,DOWN,0,True
1890980,103,0.75,UP,0,False
1890997,116,0.76,UP,0,False
1891011,120,0.94,DOWN,0,True
1891018,120,0.94,UP,1,True
1891053,120,0.99,DOWN,0,True
1891161,110,0.77,DOWN,0,True
1891188,120,0.99,DOWN,0,True
1891233,120,0.82,UP,1,True
1891291,110,0.75,DOWN,0,True
1891300,120,0.99,UP,1,True
1891321,120,0.79,DOWN,1,False
1891329,29,0.8,UP,0,False
1891382,70,0.76,DOWN,0,True
1891390,98,0.77,DOWN,0,True
1891403,120,0.94,UP,1,True
1891416,120,0.92,DOWN,0,True
1891440,120,0.87,DOWN,0,True
1891552,51,0.75,UP,1,True
1891576,120,0.87,DOWN,0,True
1891587,8,0.78,DOWN,1,False
1891688,120,0.96,UP,1,True
1891694,107,0.75,DOWN,0,True
1891739,120,0.96,UP,1,True
1891770,0,0.99,DOWN,0,True
1891808,114,0.77,UP,0,False
1891852,120,0.83,DOWN,0,True
1891868,58,0.75,UP,1,True
1891876,60,0.76,UP,1,True
1892073,48,0.76,DOWN,1,False
1892205,120,0.99,UP,1,True
1892316,120,0.83,DOWN,0,True
1892324,35,0.75,UP,1,True
1892480,100,0.75,DOWN,0,True
1892504,99,0.8,UP,1,True
1892576,119,0.8,UP,1,True
1892837,120,0.89,DOWN,0,True
1892871,120,0.86,DOWN,0,True
1892876,70,0.76,DOWN,0,True
1893028,120,0.84,UP,0,False
1893039,119,0.84,DOWN,0,True
1893174,93,0.75,DOWN,0,True
1893295,120,0.89,UP,1,True
1893303,120,0.77,DOWN,1,False
1893308,82,0.77,DOWN,0,True
1893462,119,0.79,DOWN,0,True
1893468,80,0.76,UP,1,True
1893613,120,0.8,UP,1,True
1893646,120,0.97,UP,1,True
1893680,36,0.994,UP,1,True
1893687,49,0.75,DOWN,0,True
1893770,120,0.78,UP,1,True
1893780,120,0.91,UP,1,True
1894026,120,0.86,DOWN,0,True
1894136,120,0.87,UP,0,False
1894163,90,0.79,DOWN,0,True
1894174,100,0.76,UP,1,True
1894481,108,0.81,DOWN,1,False
1894495,96,0.8,DOWN,0,True
1894666,120,0.87,UP,1,True
1894681,120,0.94,UP,1,True
1894757,0,0.99,DOWN,0,True
1894761,120,0.91,DOWN,0,True
1894771,120,0.8,DOWN,0,True
1894785,120,0.83,DOWN,0,True
1894935,120,0.88,UP,1,True
1895117,105,0.76,UP,1,True
1895138,120,0.91,DOWN,0,True
1895146,119,0.75,UP,1,True
1895322,120,0.88,UP,1,True
1895336,120,0.94,DOWN,0,True
1895351,119,0.79,UP,0,False
1895384,98,0.77,DOWN,0,True
1895411,0,0.999,DOWN,0,True
1895427,81,0.75,UP,1,True
1895437,120,0.99,UP,1,True
1895443,120,0.98,UP,1,True
1895467,101,0.79,DOWN,0,True
1895663,120,0.99,UP,1,True
1895670,120,0.97,UP,1,True
1895683,16,0.79,UP,1,True
1895973,115,0.76,DOWN,0,True
1895982,120,0.79,DOWN,0,True
1896005,84,0.81,UP,1,True
1896013,105,0.75,DOWN,0,True
1896074,120,0.95,DOWN,0,True
1896085,45,0.87,UP,1,True
1896101,94,0.76,DOWN,0,True
1896117,106,0.75,DOWN,0,True
1896163,120,0.93,UP,1,True
1896338,120,0.87,UP,1,True
1896355,120,0.99,UP,1,True
1896360,120,0.99,UP,1,True
1896571,120,0.94,DOWN,0,True
1896588,59,0.76,DOWN,0,True
1896600,120,0.99,DOWN,0,True
1896618,120,0.96,UP,1,True
1896708,107,0.75,UP,1,True
1896714,0,0.99,UP,1,True
1896738,52,0.76,DOWN,0,True
1896747,120,0.96,UP,1,True
1896791,120,0.85,DOWN,0,True
1897004,120,0.77,UP,1,True
1897023,120,0.99,UP,1,True
1897026,115,0.77,UP,1,True
1897458,115,0.75,DOWN,0,True
1897472,120,0.92,UP,1,True
1897507,120,0.9,UP,1,True
1897515,120,0.95,UP,1,True
1897614,120,0.98,UP,1,True
1897637,120,0.98,DOWN,0,True
1897660,120,0.97,UP,1,True
1897670,120,0.96,UP,1,True
1897934,120,0.93,UP,1,True
1898105,120,0.77,DOWN,0,True
1898114,56,0.76,UP,1,True
1898124,120,0.76,UP,1,True
1898419,120,0.93,DOWN,1,False
1898432,120,0.95,UP,1,True
1898443,120,0.81,UP,1,True
1898448,120,0.93,DOWN,0,True
1898505,120,0.83,DOWN,0,True
1898536,100,0.8,DOWN,0,True
1898549,80,0.96,UP,1,True
1898566,29,0.94,DOWN,0,True
1898611,19,0.76,DOWN,0,True
1898749,120,0.95,UP,0,False
1898784,20,0.95,DOWN,0,True
1898795,75,0.8,UP,1,True
1898969,98,0.75,UP,1,True
1898979,120,0.92,DOWN,0,True
1898993,53,0.78,UP,1,True
1899010,112,0.78,DOWN,0,True
1899039,115,0.8,UP,1,True
1899052,119,0.76,UP,0,False
1899075,120,0.98,DOWN,0,True
1899083,83,0.78,DOWN,0,True
1899217,120,0.96,UP,1,True
1899469,120,0.88,DOWN,0,True
1899610,0,0.99,UP,1,True
1899617,119,0.75,DOWN,0,True
1899820,120,0.96,DOWN,0,True
1899933,120,0.77,UP,0,False
1900038,112,0.75,DOWN,0,True
1900058,26,0.79,UP,1,True
1900112,120,0.89,UP,1,True
1900120,120,0.78,DOWN,0,True
1900137,120,0.91,UP,1,True
1900146,120,0.91,UP,1,True
1900212,120,0.83,DOWN,0,True
1900358,120,0.84,UP,1,True
1900399,120,0.96,UP,1,True
1900404,87,0.76,UP,1,True
1900576,120,0.91,DOWN,0,True
1900586,120,0.81,DOWN,1,False
1900596,120,0.94,DOWN,0,True
1900607,114,0.76,DOWN,0,True
1900647,120,0.78,DOWN,0,True
1900649,55,0.77,DOWN,1,False
1900664,119,0.75,UP,1,True
1900676,98,0.82,DOWN,0,True
1900691,120,0.8,DOWN,0,True
1900833,120,0.87,UP,1,True
1900925,120,0.86,DOWN,0,True
1900957,51,0.91,DOWN,0,True
1901099,120,0.85,UP,0,False
1901123,120,0.76,UP,1,True
1901150,120,0.92,UP,1,True
1901167,120,0.91,DOWN,0,True
1901299,118,0.78,DOWN,0,True
1901304,120,0.92,UP,0,False
1901317,120,0.91,DOWN,0,True
1901326,108,0.76,UP,1,True
1901513,120,0.89,DOWN,0,True
1901822,120,0.91,UP,1,True
1902233,120,0.98,UP,1,True
1902236,0,0.99,UP,1,True
1902495,76,0.76,UP,1,True
1902507,118,0.82,DOWN,1,False
1902533,120,0.81,UP,1,True
1902548,120,0.8,DOWN,0,True
1902575,120,0.9,UP,1,True
1902586,26,0.83,DOWN,1,False
1902591,120,0.78,UP,1,True
1902604,120,0.9,DOWN,0,True
1902636,120,0.8,UP,0,False
1902786,120,0.83,DOWN,1,False
1902878,120,0.8,UP,1,True
1902882,115,0.78,UP,1,True
1903032,79,0.76,UP,1,True
1903040,120,0.91,UP,1,True
1903045,120,0.84,DOWN,0,True
1903049,82,0.79,UP,0,False
1903088,81,0.75,DOWN,1,False
1903091,91,0.75,UP,0,False
1903107,104,0.77,DOWN,0,True
1903115,120,0.89,UP,1,True
1903270,95,0.78,DOWN,0,True
1903415,120,0.96,DOWN,0,True
1903447,120,0.84,UP,1,True
1903457,120,0.98,UP,1,True
1903643,11,0.99,UP,1,True
1903655,98,0.77,UP,1,True
1903696,120,0.88,DOWN,0,True
1903705,120,0.87,DOWN,0,True
1903731,113,0.78,UP,1,True
1903742,10,0.75,UP,1,True
1903761,43,0.81,DOWN,0,True
1903770,118,0.75,DOWN,0,True
1903816,120,0.9,DOWN,0,True
1903966,120,0.89,DOWN,0,True
1903979,107,0.76,UP,1,True
1903988,52,0.8,UP,1,True
1904131,0,0.99,UP,1,True
1904136,120,0.77,UP,1,True
1904152,51,0.8,DOWN,0,True
1904158,120,0.98,DOWN,0,True
1904194,120,0.75,UP,1,True
1904199,120,0.83,DOWN,0,True
1904217,120,0.85,DOWN,0,True
1904233,120,0.76,UP,1,True
1904247,98,0.8,UP,1,True
1904402,120,0.95,UP,1,True
1904428,39,0.89,UP,1,True
1904432,120,0.961,DOWN,0,True
1904589,120,0.79,UP,1,True
1904596,120,0.93,DOWN,0,True
1904605,120,0.79,DOWN,1,False
1904613,79,0.75,UP,1,True
1904650,120,0.97,DOWN,0,True
1904654,120,0.83,DOWN,0,True
1904675,99,0.76,DOWN,1,False
1904686,72,0.75,DOWN,0,True
1904706,120,0.95,UP,1,True
1904850,120,0.94,UP,1,True
1904859,120,0.75,UP,0,False
1904866,45,0.75,DOWN,0,True
1905015,120,0.83,DOWN,1,False
1905025,21,0.99,DOWN,0,True
1905030,120,0.94,DOWN,0,True
1905048,120,0.89,UP,1,True
1905076,87,0.75,DOWN,0,True
1905082,120,0.93,DOWN,0,True
1905106,120,0.81,UP,1,True
1905113,120,0.92,UP,1,True
1905147,12,0.76,DOWN,0,True
1905287,120,0.75,UP,0,False
1905346,120,0.93,UP,1,True
1905350,120,0.91,DOWN,0,True
1905495,83,0.75,UP,1,True
1905508,0,0.99,UP,1,True
1905547,120,0.77,DOWN,0,True
1905557,120,0.95,DOWN,0,True
1905590,120,0.91,UP,1,True
1905596,73,0.75,UP,1,True
1905603,120,0.83,UP,1,True
1905616,100,0.79,DOWN,0,True
1905691,120,0.89,DOWN,0,True
1905837,120,0.89,UP,1,True
1905849,109,0.81,UP,1,True
1905856,91,0.77,UP,1,True
1905996,77,0.79,DOWN,1,False
1906005,120,0.95,DOWN,0,True
1906024,120,0.87,UP,1,True
1906031,120,0.96,DOWN,0,True
1906073,120,0.99,DOWN,0,True
1906080,120,0.9,UP,1,True
1906082,46,0.76,UP,1,True
1906099,120,0.99,UP,1,True
1906356,120,0.92,DOWN,0,True
1906496,120,0.8,UP,1,True
1906535,106,0.75,DOWN,0,True
1906540,120,0.95,UP,1,True
1906676,45,0.78,UP,0,False
1906694,120,0.83,DOWN,0,True
1906714,89,0.89,UP,1,True
1906718,83,0.84,UP,1,True
1906753,120,0.94,UP,1,True
1906764,120,0.85,DOWN,1,False
1906772,81,0.77,DOWN,0,True
1906782,120,0.91,UP,1,True
1906818,120,0.97,UP,1,True
1906956,120,0.89,UP,1,True
1907019,120,0.99,UP,1,True
1907029,93,0.78,UP,0,False
1907184,120,0.78,UP,0,False
1907204,120,0.92,DOWN,0,True
1907257,0,0.99,UP,1,True
1907266,120,0.99,DOWN,0,True
1907303,120,0.87,DOWN,0,True
1907307,63,0.81,DOWN,0,True
1907386,120,0.97,UP,1,True
1907395,120,0.99,DOWN,0,True
1907498,120,0.76,UP,1,True
1907644,120,0.88,UP,0,False
1907666,87,0.75,UP,0,False
1907674,120,0.94,UP,1,True
1907835,120,0.86,UP,0,False
1907837,120,0.82,UP,1,True
1907926,120,0.99,DOWN,0,True
1907951,120,0.85,UP,1,True
1907961,119,0.75,UP,0,False
1907973,120,0.89,DOWN,1,False
1907989,120,0.93,DOWN,0,True
1908007,21,0.79,DOWN,1,False
1908146,120,0.83,UP,1,True
1908177,120,0.85,UP,0,False
1908182,120,0.96,UP,1,True
1908333,40,0.75,UP,1,True
1908343,32,0.77,DOWN,0,True
1908584,52,0.76,DOWN,1,False
1908598,98,0.78,DOWN,1,False
1908627,120,0.88,UP,1,True
1908638,120,0.79,UP,0,False
1908653,120,0.94,UP,1,True
1908665,42,0.75,UP,1,True
1908812,10,0.83,UP,1,True
1908959,120,0.84,UP,1,True
1908982,120,0.79,UP,0,False
1908991,79,0.77,UP,1,True
1909142,120,0.76,DOWN,1,False
1909151,117,0.76,UP,1,True
1909224,116,0.76,DOWN,0,True
1909256,4,0.99,DOWN,0,True
1909307,120,0.88,UP,1,True
1909311,120,0.83,UP,1,True
1909332,74,0.8,UP,1,True
1909340,119,0.84,DOWN,0,True
1909456,120,0.89,UP,1,True
1909597,120,0.97,UP,1,True
1909620,119,0.75,DOWN,0,True
1909630,120,0.93,UP,1,True
1909792,120,0.83,DOWN,0,True
1909802,120,0.92,DOWN,0,True
1909853,120,0.87,DOWN,1,False
1909904,120,0.75,UP,1,True
1909911,0,0.99,UP,1,True
1909953,60,0.75,UP,1,True
1909958,120,0.88,DOWN,0,True
1910225,120,0.83,UP,1,True
1910277,120,0.77,DOWN,0,True
1910322,47,0.8,DOWN,0,True
1910330,120,0.96,DOWN,0,True
1910404,102,0.76,DOWN,0,True
1910415,59,0.75,DOWN,0,True
1910446,35,0.77,UP,0,False
1910459,120,0.95,UP,1,True
1910496,57,0.78,DOWN,0,True
1910502,120,0.84,DOWN,0,True
1910514,112,0.75,UP,0,False
1910528,120,0.78,DOWN,0,True
1910566,120,0.79,DOWN,0,True
1910620,110,0.75,UP,1,True
1910628,120,0.85,UP,1,True
1910645,120,0.91,UP,1,True
1910793,120,0.8,DOWN,0,True
1910908,120,0.92,DOWN,0,True
1911068,120,0.85,DOWN,0,True
1911114,120,0.9,UP,1,True
1911255,8,0.999,UP,1,True
1911367,120,0.95,DOWN,0,True
1911597,120,0.76,UP,1,True
1911613,64,0.76,UP,0,False
1911746,59,0.75,UP,1,True
1911817,120,0.81,UP,1,True
1911876,120,0.8,UP,0,False
1911893,120,0.81,UP,1,True
1911956,77,0.75,UP,1,True
1911979,120,0.95,DOWN,0,True
1912007,17,0.76,UP,1,True
1912021,85,0.77,DOWN,0,True
1912091,115,0.77,DOWN,0,True
1912113,94,0.75,UP,1,True
1912128,120,0.77,UP,1,True
1912184,57,0.75,DOWN,1,False
1912263,45,0.76,DOWN,0,True
1912321,120,0.99,UP,1,True
1912329,120,0.99,UP,1,True
1912383,120,0.82,UP,1,True
1912394,120,0.83,UP,1,True
1912443,120,0.9,UP,1,True
1912445,114,0.76,DOWN,0,True
1912485,116,0.77,UP,1,True
1912487,90,0.75,DOWN,0,True
1912499,120,0.83,UP,1,True
1912518,34,0.76,UP,0,False
1912620,120,0.9,DOWN,0,True
1912677,120,0.94,DOWN,0,True
1912689,120,0.95,UP,1,True
1912708,120,0.96,DOWN,0,True
1912763,0,0.91,DOWN,0,True
1912767,120,0.8,DOWN,0,True
1912784,120,0.95,DOWN,0,True
1912791,118,0.75,UP,1,True
1912824,120,0.85,UP,1,True
1912828,45,0.96,DOWN,0,True
1912859,96,0.75,UP,1,True
1912872,120,0.94,DOWN,0,True
1912961,120,0.92,DOWN,0,True
1912974,120,0.97,DOWN,0,True
1913006,120,0.79,UP,1,True
1913017,120,0.97,UP,1,True
1913091,99,0.79,DOWN,0,True
1913107,120,0.97,DOWN,0,True
1913148,68,0.85,UP,1,True
1913158,120,0.93,DOWN,0,True
1913196,120,0.96,UP,1,True
1913209,0,0.99,UP,1,True
1913237,103,0.75,UP,1,True
1913245,77,0.75,DOWN,0,True
1913270,89,0.76,UP,0,False
1913322,120,0.84,DOWN,0,True
1913357,25,0.89,UP,1,True
1913371,120,0.75,DOWN,0,True
1913406,83,0.76,DOWN,0,True
1913431,94,0.78,UP,1,True
1913456,120,0.91,UP,0,False
1913479,120,0.94,DOWN,0,True
1913507,120,0.89,UP,0,False
1913521,64,0.77,UP,1,True
1913537,120,0.76,DOWN,0,True
1913549,98,0.75,DOWN,1,False
1913579,120,0.94,UP,1,True
1913640,66,0.75,UP,1,True
1913647,0,0.999,DOWN,0,True
1913665,120,0.85,UP,1,True
1913790,120,0.88,DOWN,0,True
1913803,120,0.76,DOWN,0,True
1913821,120,0.88,UP,1,True
1913829,120,0.99,UP,1,True
1913867,120,0.81,DOWN,0,True
1913876,30,0.75,DOWN,0,True
1913890,120,0.8,DOWN,1,False
1913903,120,0.87,UP,1,True
1913947,114,0.75,DOWN,0,True
1913994,55,0.77,DOWN,0,True
1914014,120,0.76,UP,1,True
1914022,120,0.82,DOWN,0,True
1914038,116,0.77,UP,1,True
1914056,4,0.79,DOWN,0,True
1914072,120,0.94,UP,1,True
1914081,120,0.92,UP,1,True
1914121,120,0.91,DOWN,0,True
1914130,120,0.83,DOWN,1,False
1914142,120,0.93,UP,1,True
1914152,70,0.76,UP,1,True
1914315,120,0.96,DOWN,0,True
1914368,69,0.75,UP,1,True
1914448,120,0.92,DOWN,0,True
1914455,67,0.76,DOWN,0,True
1914470,120,0.88,DOWN,0,True
1914486,32,0.75,UP,1,True
1914515,120,0.97,DOWN,0,True
1914530,113,0.75,UP,1,True
1914587,94,0.75,DOWN,0,True
1914593,120,0.9,DOWN,0,True
1914621,0,0.99,UP,1,True
